metadata,,,,,,,,,,,,,,,,,,,,,,,,,,,,,
ID,name,desc,time,keywords,minlat,minlon,maxlat,maxlon,,,,,,,,,,,,,,,,,,,,,
1,,,2024-11-02T00:49:15Z,,-17.50716238,-149.7651514,-17.5028333,-149.7609143,,,,,,,,,,,,,,,,,,,,,
,,,,,,,,,,,,,,,,,,,,,,,,,,,,,
author,,,,,,,,,,,,,,,,,,,,,,,,,,,,,
ID,name,email,,,,,,,,,,,,,,,,,,,,,,,,,,,
,,,,,,,,,,,,,,,,,,,,,,,,,,,,,
copyright,,,,,,,,,,,,,,,,,,,,,,,,,,,,,
year,license,author,,,,,,,,,,,,,,,,,,,,,,,,,,,
,,,,,,,,,,,,,,,,,,,,,,,,,,,,,
link,,,,,,,,,,,,,,,,,,,,,,,,,,,,,
metadataID,authorID,wptID,rteptID,trkptID,rteID,trkID,text,type,href,,,,,,,,,,,,,,,,,,,,
1,,,,,,,Garmin International,,http://www.garmin.com,,,,,,,,,,,,,,,,,,,,
,,,,,,,,,,,,,,,,,,,,,,,,,,,,,
rte,,,,,,,,,,,,,,,,,,,,,,,,,,,,,
ID,name,cmt,desc,src,number,type,IsAutoNamed,DisplayColor,TransportationMode,TripName,Date,DayNumber,,,,,,,,,,,,,,,,,
,,,,,,,,,,,,,,,,,,,,,,,,,,,,,
rtept,,,,,,,,,,,,,,,,,,,,,,,,,,,,,
ID,rteID,lat,lon,ele,time,magvar,geoidheight,name,cmt,desc,src,sym,type,fix,sat,hdop,vdop,pdop,ageofdgpsdata,dgpsid,DepartureTime,StopDuration,ArrivalTime,CalculationMode,ElevationMode,NamedRoad_Name,NamedRoad_Id,NamedRoad_ProductId,TransportationMode
,,,,,,,,,,,,,,,,,,,,,,,,,,,,,
wpt,,,,,,,,,,,,,,,,,,,,,,,,,,,,,
ID,lat,lon,ele,time,magvar,geoidheight,name,cmt,desc,src,sym,type,fix,sat,hdop,vdop,pdop,ageofdgpsdata,dgpsid,Proximity,Temperature,Depth,DisplayMode,Samples,Expiration,CreationTime,,,
,,,,,,,,,,,,,,,,,,,,,,,,,,,,,
Address,,,,,,,,,,,,,,,,,,,,,,,,,,,,,
wptID,StreetAddress1,StreetAddress2,City,State,Country,PostalCode,,,,,,,,,,,,,,,,,,,,,,,
,,,,,,,,,,,,,,,,,,,,,,,,,,,,,
PhoneNumber,,,,,,,,,,,,,,,,,,,,,,,,,,,,,
wptID,Category,value,,,,,,,,,,,,,,,,,,,,,,,,,,,
,,,,,,,,,,,,,,,,,,,,,,,,,,,,,
Categories,,,,,,,,,,,,,,,,,,,,,,,,,,,,,
wptID,Category,,,,,,,,,,,,,,,,,,,,,,,,,,,,
,,,,,,,,,,,,,,,,,,,,,,,,,,,,,
trk,,,,,,,,,,,,,,,,,,,,,,,,,,,,,
ID,name,cmt,desc,src,number,type,DisplayColor,,,,,,,,,,,,,,,,,,,,,,
1,Current Track: 30 OCT 2024 01:00,,,,,,DarkGray,,,,,,,,,,,,,,,,,,,,,,
,,,,,,,,,,,,,,,,,,,,,,,,,,,,,
trkseg,,,,,,,,,,,,,,,,,,,,,,,,,,,,,
ID,trkID,,,,,,,,,,,,,,,,,,,,,,,,,,,,
1,1,,,,,,,,,,,,,,,,,,,,,,,,,,,,
,,,,,,,,,,,,,,,,,,,,,,,,,,,,,
trkpt,,,,,,,,,,,,,,,,,,,,,,,,,,,,,
ID,trksegID,lat,lon,ele,time,magvar,geoidheight,name,cmt,desc,src,sym,type,fix,sat,hdop,vdop,pdop,ageofdgpsdata,dgpsid,Temperature,Depth,wtemp,hr,cad,,,,
1,1,-17.514745,-149.76763,0,2024-10-30T18:32:00Z,,,,,,,,,,,,,,,,,,,,0,,,,
2,1,-17.514606,-149.76761,0,2024-10-30T18:39:00Z,,,,,,,,,,,,,,,,,,,,0,,,,
3,1,-17.514199,-149.7674,0,2024-10-30T18:46:00Z,,,,,,,,,,,,,,,,,,,,0,,,,
4,1,-17.51409,-149.76721,0,2024-10-30T18:54:00Z,,,,,,,,,,,,,,,,,,,,0,,,,
5,1,-17.513166,-149.7672,0,2024-10-30T19:02:00Z,,,,,,,,,,,,,,,,,,,,0,,,,
6,1,-17.512752,-149.7671,0,2024-10-30T19:12:00Z,,,,,,,,,,,,,,,,,,,,0,,,,
,,,,,,,,,,,,,,,,,,,,,,,,,0,,,,
,,,,,,,,,,,,,,,,,,,,,,,,,0,,,,
,,,,,,,,,,,,,,,,,,,,,,,,,0,,,,
,,,,,,,,,,,,,,,,,,,,,,,,,0,,,,
,,,,,,,,,,,,,,,,,,,,,,,,,0,,,,
,,,,,,,,,,,,,,,,,,,,,,,,,0,,,,
,,,,,,,,,,,,,,,,,,,,,,,,,0,,,,
,,,,,,,,,,,,,,,,,,,,,,,,,0,,,,
,,,,,,,,,,,,,,,,,,,,,,,,,0,,,,
,,,,,,,,,,,,,,,,,,,,,,,,,0,,,,
,,,,,,,,,,,,,,,,,,,,,,,,,0,,,,
,,,,,,,,,,,,,,,,,,,,,,,,,0,,,,
,,,,,,,,,,,,,,,,,,,,,,,,,0,,,,
,,,,,,,,,,,,,,,,,,,,,,,,,0,,,,
,,,,,,,,,,,,,,,,,,,,,,,,,0,,,,
,,,,,,,,,,,,,,,,,,,,,,,,,0,,,,
,,,,,,,,,,,,,,,,,,,,,,,,,0,,,,
,,,,,,,,,,,,,,,,,,,,,,,,,0,,,,
,,,,,,,,,,,,,,,,,,,,,,,,,0,,,,
,,,,,,,,,,,,,,,,,,,,,,,,,0,,,,
,,,,,,,,,,,,,,,,,,,,,,,,,0,,,,
,,,,,,,,,,,,,,,,,,,,,,,,,0,,,,
,,,,,,,,,,,,,,,,,,,,,,,,,0,,,,
,,,,,,,,,,,,,,,,,,,,,,,,,0,,,,
,,,,,,,,,,,,,,,,,,,,,,,,,0,,,,
,,,,,,,,,,,,,,,,,,,,,,,,,0,,,,
,,,,,,,,,,,,,,,,,,,,,,,,,0,,,,
,,,,,,,,,,,,,,,,,,,,,,,,,0,,,,
,,,,,,,,,,,,,,,,,,,,,,,,,0,,,,
,,,,,,,,,,,,,,,,,,,,,,,,,0,,,,
,,,,,,,,,,,,,,,,,,,,,,,,,0,,,,
,,,,,,,,,,,,,,,,,,,,,,,,,0,,,,
,,,,,,,,,,,,,,,,,,,,,,,,,0,,,,
,,,,,,,,,,,,,,,,,,,,,,,,,0,,,,
,,,,,,,,,,,,,,,,,,,,,,,,,0,,,,
,,,,,,,,,,,,,,,,,,,,,,,,,0,,,,
,,,,,,,,,,,,,,,,,,,,,,,,,0,,,,
,,,,,,,,,,,,,,,,,,,,,,,,,0,,,,
,,,,,,,,,,,,,,,,,,,,,,,,,0,,,,
,,,,,,,,,,,,,,,,,,,,,,,,,0,,,,
,,,,,,,,,,,,,,,,,,,,,,,,,0,,,,
,,,,,,,,,,,,,,,,,,,,,,,,,0,,,,
,,,,,,,,,,,,,,,,,,,,,,,,,0,,,,
,,,,,,,,,,,,,,,,,,,,,,,,,0,,,,
,,,,,,,,,,,,,,,,,,,,,,,,,0,,,,
,,,,,,,,,,,,,,,,,,,,,,,,,0,,,,
,,,,,,,,,,,,,,,,,,,,,,,,,0,,,,
,,,,,,,,,,,,,,,,,,,,,,,,,0,,,,
,,,,,,,,,,,,,,,,,,,,,,,,,0,,,,
,,,,,,,,,,,,,,,,,,,,,,,,,0,,,,
,,,,,,,,,,,,,,,,,,,,,,,,,0,,,,
,,,,,,,,,,,,,,,,,,,,,,,,,0,,,,
,,,,,,,,,,,,,,,,,,,,,,,,,0,,,,
,,,,,,,,,,,,,,,,,,,,,,,,,0,,,,
,,,,,,,,,,,,,,,,,,,,,,,,,0,,,,
,,,,,,,,,,,,,,,,,,,,,,,,,0,,,,
,,,,,,,,,,,,,,,,,,,,,,,,,0,,,,
,,,,,,,,,,,,,,,,,,,,,,,,,0,,,,
,,,,,,,,,,,,,,,,,,,,,,,,,0,,,,
,,,,,,,,,,,,,,,,,,,,,,,,,0,,,,
,,,,,,,,,,,,,,,,,,,,,,,,,0,,,,
,,,,,,,,,,,,,,,,,,,,,,,,,0,,,,
,,,,,,,,,,,,,,,,,,,,,,,,,0,,,,
,,,,,,,,,,,,,,,,,,,,,,,,,0,,,,
,,,,,,,,,,,,,,,,,,,,,,,,,0,,,,
,,,,,,,,,,,,,,,,,,,,,,,,,0,,,,
,,,,,,,,,,,,,,,,,,,,,,,,,0,,,,
,,,,,,,,,,,,,,,,,,,,,,,,,0,,,,
,,,,,,,,,,,,,,,,,,,,,,,,,0,,,,
,,,,,,,,,,,,,,,,,,,,,,,,,0,,,,
,,,,,,,,,,,,,,,,,,,,,,,,,0,,,,
,,,,,,,,,,,,,,,,,,,,,,,,,0,,,,
,,,,,,,,,,,,,,,,,,,,,,,,,0,,,,
,,,,,,,,,,,,,,,,,,,,,,,,,0,,,,
,,,,,,,,,,,,,,,,,,,,,,,,,0,,,,
,,,,,,,,,,,,,,,,,,,,,,,,,0,,,,
,,,,,,,,,,,,,,,,,,,,,,,,,0,,,,
,,,,,,,,,,,,,,,,,,,,,,,,,0,,,,
,,,,,,,,,,,,,,,,,,,,,,,,,0,,,,
,,,,,,,,,,,,,,,,,,,,,,,,,0,,,,
,,,,,,,,,,,,,,,,,,,,,,,,,0,,,,
,,,,,,,,,,,,,,,,,,,,,,,,,0,,,,
,,,,,,,,,,,,,,,,,,,,,,,,,0,,,,
,,,,,,,,,,,,,,,,,,,,,,,,,0,,,,
,,,,,,,,,,,,,,,,,,,,,,,,,0,,,,
,,,,,,,,,,,,,,,,,,,,,,,,,0,,,,
,,,,,,,,,,,,,,,,,,,,,,,,,0,,,,
,,,,,,,,,,,,,,,,,,,,,,,,,0,,,,
,,,,,,,,,,,,,,,,,,,,,,,,,0,,,,
,,,,,,,,,,,,,,,,,,,,,,,,,0,,,,
,,,,,,,,,,,,,,,,,,,,,,,,,0,,,,
,,,,,,,,,,,,,,,,,,,,,,,,,0,,,,
,,,,,,,,,,,,,,,,,,,,,,,,,0,,,,
,,,,,,,,,,,,,,,,,,,,,,,,,0,,,,
,,,,,,,,,,,,,,,,,,,,,,,,,0,,,,
,,,,,,,,,,,,,,,,,,,,,,,,,0,,,,
,,,,,,,,,,,,,,,,,,,,,,,,,0,,,,
,,,,,,,,,,,,,,,,,,,,,,,,,0,,,,
,,,,,,,,,,,,,,,,,,,,,,,,,0,,,,
,,,,,,,,,,,,,,,,,,,,,,,,,0,,,,
,,,,,,,,,,,,,,,,,,,,,,,,,0,,,,
,,,,,,,,,,,,,,,,,,,,,,,,,0,,,,
,,,,,,,,,,,,,,,,,,,,,,,,,0,,,,
,,,,,,,,,,,,,,,,,,,,,,,,,0,,,,
,,,,,,,,,,,,,,,,,,,,,,,,,0,,,,
,,,,,,,,,,,,,,,,,,,,,,,,,0,,,,
,,,,,,,,,,,,,,,,,,,,,,,,,0,,,,
,,,,,,,,,,,,,,,,,,,,,,,,,0,,,,
,,,,,,,,,,,,,,,,,,,,,,,,,0,,,,
,,,,,,,,,,,,,,,,,,,,,,,,,0,,,,
,,,,,,,,,,,,,,,,,,,,,,,,,0,,,,
,,,,,,,,,,,,,,,,,,,,,,,,,0,,,,
,,,,,,,,,,,,,,,,,,,,,,,,,0,,,,
,,,,,,,,,,,,,,,,,,,,,,,,,0,,,,
,,,,,,,,,,,,,,,,,,,,,,,,,0,,,,
,,,,,,,,,,,,,,,,,,,,,,,,,0,,,,
,,,,,,,,,,,,,,,,,,,,,,,,,0,,,,
,,,,,,,,,,,,,,,,,,,,,,,,,0,,,,
,,,,,,,,,,,,,,,,,,,,,,,,,0,,,,
,,,,,,,,,,,,,,,,,,,,,,,,,0,,,,
,,,,,,,,,,,,,,,,,,,,,,,,,0,,,,
,,,,,,,,,,,,,,,,,,,,,,,,,0,,,,
,,,,,,,,,,,,,,,,,,,,,,,,,0,,,,
,,,,,,,,,,,,,,,,,,,,,,,,,0,,,,
,,,,,,,,,,,,,,,,,,,,,,,,,0,,,,
,,,,,,,,,,,,,,,,,,,,,,,,,0,,,,
,,,,,,,,,,,,,,,,,,,,,,,,,0,,,,
,,,,,,,,,,,,,,,,,,,,,,,,,0,,,,
,,,,,,,,,,,,,,,,,,,,,,,,,0,,,,
,,,,,,,,,,,,,,,,,,,,,,,,,0,,,,
,,,,,,,,,,,,,,,,,,,,,,,,,0,,,,
,,,,,,,,,,,,,,,,,,,,,,,,,0,,,,
,,,,,,,,,,,,,,,,,,,,,,,,,0,,,,
,,,,,,,,,,,,,,,,,,,,,,,,,0,,,,
,,,,,,,,,,,,,,,,,,,,,,,,,0,,,,
,,,,,,,,,,,,,,,,,,,,,,,,,0,,,,
,,,,,,,,,,,,,,,,,,,,,,,,,0,,,,
,,,,,,,,,,,,,,,,,,,,,,,,,0,,,,
,,,,,,,,,,,,,,,,,,,,,,,,,0,,,,
,,,,,,,,,,,,,,,,,,,,,,,,,0,,,,
,,,,,,,,,,,,,,,,,,,,,,,,,0,,,,
,,,,,,,,,,,,,,,,,,,,,,,,,0,,,,
,,,,,,,,,,,,,,,,,,,,,,,,,0,,,,
,,,,,,,,,,,,,,,,,,,,,,,,,0,,,,
,,,,,,,,,,,,,,,,,,,,,,,,,0,,,,
,,,,,,,,,,,,,,,,,,,,,,,,,0,,,,
,,,,,,,,,,,,,,,,,,,,,,,,,0,,,,
,,,,,,,,,,,,,,,,,,,,,,,,,0,,,,
,,,,,,,,,,,,,,,,,,,,,,,,,0,,,,
,,,,,,,,,,,,,,,,,,,,,,,,,0,,,,
,,,,,,,,,,,,,,,,,,,,,,,,,0,,,,
,,,,,,,,,,,,,,,,,,,,,,,,,0,,,,
,,,,,,,,,,,,,,,,,,,,,,,,,0,,,,
,,,,,,,,,,,,,,,,,,,,,,,,,0,,,,
,,,,,,,,,,,,,,,,,,,,,,,,,0,,,,
,,,,,,,,,,,,,,,,,,,,,,,,,0,,,,
,,,,,,,,,,,,,,,,,,,,,,,,,0,,,,
,,,,,,,,,,,,,,,,,,,,,,,,,0,,,,
,,,,,,,,,,,,,,,,,,,,,,,,,0,,,,
,,,,,,,,,,,,,,,,,,,,,,,,,0,,,,
,,,,,,,,,,,,,,,,,,,,,,,,,0,,,,
,,,,,,,,,,,,,,,,,,,,,,,,,0,,,,
,,,,,,,,,,,,,,,,,,,,,,,,,0,,,,
,,,,,,,,,,,,,,,,,,,,,,,,,0,,,,
,,,,,,,,,,,,,,,,,,,,,,,,,0,,,,
,,,,,,,,,,,,,,,,,,,,,,,,,0,,,,
,,,,,,,,,,,,,,,,,,,,,,,,,0,,,,
,,,,,,,,,,,,,,,,,,,,,,,,,0,,,,
,,,,,,,,,,,,,,,,,,,,,,,,,0,,,,
,,,,,,,,,,,,,,,,,,,,,,,,,0,,,,
,,,,,,,,,,,,,,,,,,,,,,,,,0,,,,
,,,,,,,,,,,,,,,,,,,,,,,,,0,,,,
,,,,,,,,,,,,,,,,,,,,,,,,,0,,,,
,,,,,,,,,,,,,,,,,,,,,,,,,0,,,,
,,,,,,,,,,,,,,,,,,,,,,,,,0,,,,
,,,,,,,,,,,,,,,,,,,,,,,,,0,,,,
,,,,,,,,,,,,,,,,,,,,,,,,,0,,,,
,,,,,,,,,,,,,,,,,,,,,,,,,0,,,,
,,,,,,,,,,,,,,,,,,,,,,,,,0,,,,
,,,,,,,,,,,,,,,,,,,,,,,,,0,,,,
,,,,,,,,,,,,,,,,,,,,,,,,,0,,,,
,,,,,,,,,,,,,,,,,,,,,,,,,0,,,,
,,,,,,,,,,,,,,,,,,,,,,,,,0,,,,
,,,,,,,,,,,,,,,,,,,,,,,,,0,,,,
,,,,,,,,,,,,,,,,,,,,,,,,,0,,,,
,,,,,,,,,,,,,,,,,,,,,,,,,0,,,,
,,,,,,,,,,,,,,,,,,,,,,,,,0,,,,
,,,,,,,,,,,,,,,,,,,,,,,,,0,,,,
,,,,,,,,,,,,,,,,,,,,,,,,,0,,,,
,,,,,,,,,,,,,,,,,,,,,,,,,0,,,,
,,,,,,,,,,,,,,,,,,,,,,,,,0,,,,
,,,,,,,,,,,,,,,,,,,,,,,,,0,,,,
,,,,,,,,,,,,,,,,,,,,,,,,,0,,,,
,,,,,,,,,,,,,,,,,,,,,,,,,0,,,,
,,,,,,,,,,,,,,,,,,,,,,,,,0,,,,
,,,,,,,,,,,,,,,,,,,,,,,,,0,,,,
,,,,,,,,,,,,,,,,,,,,,,,,,0,,,,
,,,,,,,,,,,,,,,,,,,,,,,,,0,,,,
,,,,,,,,,,,,,,,,,,,,,,,,,0,,,,
,,,,,,,,,,,,,,,,,,,,,,,,,0,,,,
,,,,,,,,,,,,,,,,,,,,,,,,,0,,,,
,,,,,,,,,,,,,,,,,,,,,,,,,0,,,,
,,,,,,,,,,,,,,,,,,,,,,,,,0,,,,
,,,,,,,,,,,,,,,,,,,,,,,,,0,,,,
,,,,,,,,,,,,,,,,,,,,,,,,,0,,,,
,,,,,,,,,,,,,,,,,,,,,,,,,0,,,,
,,,,,,,,,,,,,,,,,,,,,,,,,0,,,,
,,,,,,,,,,,,,,,,,,,,,,,,,0,,,,
,,,,,,,,,,,,,,,,,,,,,,,,,0,,,,
,,,,,,,,,,,,,,,,,,,,,,,,,0,,,,
,,,,,,,,,,,,,,,,,,,,,,,,,0,,,,
,,,,,,,,,,,,,,,,,,,,,,,,,0,,,,
,,,,,,,,,,,,,,,,,,,,,,,,,0,,,,
,,,,,,,,,,,,,,,,,,,,,,,,,0,,,,
,,,,,,,,,,,,,,,,,,,,,,,,,0,,,,
,,,,,,,,,,,,,,,,,,,,,,,,,0,,,,
,,,,,,,,,,,,,,,,,,,,,,,,,0,,,,
,,,,,,,,,,,,,,,,,,,,,,,,,0,,,,
,,,,,,,,,,,,,,,,,,,,,,,,,0,,,,
,,,,,,,,,,,,,,,,,,,,,,,,,0,,,,
,,,,,,,,,,,,,,,,,,,,,,,,,0,,,,
,,,,,,,,,,,,,,,,,,,,,,,,,0,,,,
,,,,,,,,,,,,,,,,,,,,,,,,,0,,,,
,,,,,,,,,,,,,,,,,,,,,,,,,0,,,,
,,,,,,,,,,,,,,,,,,,,,,,,,0,,,,
,,,,,,,,,,,,,,,,,,,,,,,,,0,,,,
,,,,,,,,,,,,,,,,,,,,,,,,,0,,,,
,,,,,,,,,,,,,,,,,,,,,,,,,0,,,,
,,,,,,,,,,,,,,,,,,,,,,,,,0,,,,
,,,,,,,,,,,,,,,,,,,,,,,,,0,,,,
,,,,,,,,,,,,,,,,,,,,,,,,,0,,,,
,,,,,,,,,,,,,,,,,,,,,,,,,0,,,,
,,,,,,,,,,,,,,,,,,,,,,,,,0,,,,
,,,,,,,,,,,,,,,,,,,,,,,,,0,,,,
,,,,,,,,,,,,,,,,,,,,,,,,,0,,,,
,,,,,,,,,,,,,,,,,,,,,,,,,0,,,,
,,,,,,,,,,,,,,,,,,,,,,,,,0,,,,
,,,,,,,,,,,,,,,,,,,,,,,,,0,,,,
,,,,,,,,,,,,,,,,,,,,,,,,,0,,,,
,,,,,,,,,,,,,,,,,,,,,,,,,0,,,,
,,,,,,,,,,,,,,,,,,,,,,,,,0,,,,
,,,,,,,,,,,,,,,,,,,,,,,,,0,,,,
,,,,,,,,,,,,,,,,,,,,,,,,,0,,,,
,,,,,,,,,,,,,,,,,,,,,,,,,0,,,,
,,,,,,,,,,,,,,,,,,,,,,,,,0,,,,
,,,,,,,,,,,,,,,,,,,,,,,,,0,,,,
,,,,,,,,,,,,,,,,,,,,,,,,,0,,,,
,,,,,,,,,,,,,,,,,,,,,,,,,0,,,,
,,,,,,,,,,,,,,,,,,,,,,,,,0,,,,
,,,,,,,,,,,,,,,,,,,,,,,,,0,,,,
,,,,,,,,,,,,,,,,,,,,,,,,,0,,,,
,,,,,,,,,,,,,,,,,,,,,,,,,0,,,,
,,,,,,,,,,,,,,,,,,,,,,,,,0,,,,
,,,,,,,,,,,,,,,,,,,,,,,,,0,,,,
,,,,,,,,,,,,,,,,,,,,,,,,,0,,,,
,,,,,,,,,,,,,,,,,,,,,,,,,0,,,,
,,,,,,,,,,,,,,,,,,,,,,,,,0,,,,
,,,,,,,,,,,,,,,,,,,,,,,,,0,,,,
,,,,,,,,,,,,,,,,,,,,,,,,,0,,,,
,,,,,,,,,,,,,,,,,,,,,,,,,0,,,,
,,,,,,,,,,,,,,,,,,,,,,,,,0,,,,
,,,,,,,,,,,,,,,,,,,,,,,,,0,,,,
,,,,,,,,,,,,,,,,,,,,,,,,,0,,,,
,,,,,,,,,,,,,,,,,,,,,,,,,0,,,,
,,,,,,,,,,,,,,,,,,,,,,,,,0,,,,
,,,,,,,,,,,,,,,,,,,,,,,,,0,,,,
,,,,,,,,,,,,,,,,,,,,,,,,,0,,,,
,,,,,,,,,,,,,,,,,,,,,,,,,0,,,,
,,,,,,,,,,,,,,,,,,,,,,,,,0,,,,
,,,,,,,,,,,,,,,,,,,,,,,,,0,,,,
,,,,,,,,,,,,,,,,,,,,,,,,,0,,,,
,,,,,,,,,,,,,,,,,,,,,,,,,0,,,,
,,,,,,,,,,,,,,,,,,,,,,,,,0,,,,
,,,,,,,,,,,,,,,,,,,,,,,,,0,,,,
,,,,,,,,,,,,,,,,,,,,,,,,,0,,,,
,,,,,,,,,,,,,,,,,,,,,,,,,0,,,,
,,,,,,,,,,,,,,,,,,,,,,,,,0,,,,
,,,,,,,,,,,,,,,,,,,,,,,,,0,,,,
,,,,,,,,,,,,,,,,,,,,,,,,,0,,,,
,,,,,,,,,,,,,,,,,,,,,,,,,0,,,,
,,,,,,,,,,,,,,,,,,,,,,,,,0,,,,
,,,,,,,,,,,,,,,,,,,,,,,,,0,,,,
,,,,,,,,,,,,,,,,,,,,,,,,,0,,,,
,,,,,,,,,,,,,,,,,,,,,,,,,0,,,,
,,,,,,,,,,,,,,,,,,,,,,,,,0,,,,
,,,,,,,,,,,,,,,,,,,,,,,,,0,,,,
,,,,,,,,,,,,,,,,,,,,,,,,,0,,,,
,,,,,,,,,,,,,,,,,,,,,,,,,0,,,,
,,,,,,,,,,,,,,,,,,,,,,,,,0,,,,
,,,,,,,,,,,,,,,,,,,,,,,,,0,,,,
,,,,,,,,,,,,,,,,,,,,,,,,,0,,,,
,,,,,,,,,,,,,,,,,,,,,,,,,0,,,,
,,,,,,,,,,,,,,,,,,,,,,,,,0,,,,
,,,,,,,,,,,,,,,,,,,,,,,,,0,,,,
,,,,,,,,,,,,,,,,,,,,,,,,,0,,,,
,,,,,,,,,,,,,,,,,,,,,,,,,0,,,,
,,,,,,,,,,,,,,,,,,,,,,,,,0,,,,
,,,,,,,,,,,,,,,,,,,,,,,,,0,,,,
,,,,,,,,,,,,,,,,,,,,,,,,,0,,,,
,,,,,,,,,,,,,,,,,,,,,,,,,0,,,,
,,,,,,,,,,,,,,,,,,,,,,,,,0,,,,
,,,,,,,,,,,,,,,,,,,,,,,,,0,,,,
,,,,,,,,,,,,,,,,,,,,,,,,,0,,,,
,,,,,,,,,,,,,,,,,,,,,,,,,0,,,,
,,,,,,,,,,,,,,,,,,,,,,,,,0,,,,
,,,,,,,,,,,,,,,,,,,,,,,,,0,,,,
,,,,,,,,,,,,,,,,,,,,,,,,,0,,,,
,,,,,,,,,,,,,,,,,,,,,,,,,0,,,,
,,,,,,,,,,,,,,,,,,,,,,,,,0,,,,
,,,,,,,,,,,,,,,,,,,,,,,,,0,,,,
,,,,,,,,,,,,,,,,,,,,,,,,,0,,,,
,,,,,,,,,,,,,,,,,,,,,,,,,0,,,,
,,,,,,,,,,,,,,,,,,,,,,,,,0,,,,
,,,,,,,,,,,,,,,,,,,,,,,,,0,,,,
,,,,,,,,,,,,,,,,,,,,,,,,,0,,,,
,,,,,,,,,,,,,,,,,,,,,,,,,0,,,,
,,,,,,,,,,,,,,,,,,,,,,,,,0,,,,
,,,,,,,,,,,,,,,,,,,,,,,,,0,,,,
,,,,,,,,,,,,,,,,,,,,,,,,,0,,,,
,,,,,,,,,,,,,,,,,,,,,,,,,0,,,,
,,,,,,,,,,,,,,,,,,,,,,,,,0,,,,
,,,,,,,,,,,,,,,,,,,,,,,,,0,,,,
,,,,,,,,,,,,,,,,,,,,,,,,,0,,,,
,,,,,,,,,,,,,,,,,,,,,,,,,0,,,,
,,,,,,,,,,,,,,,,,,,,,,,,,0,,,,
,,,,,,,,,,,,,,,,,,,,,,,,,0,,,,
,,,,,,,,,,,,,,,,,,,,,,,,,0,,,,
,,,,,,,,,,,,,,,,,,,,,,,,,0,,,,
,,,,,,,,,,,,,,,,,,,,,,,,,0,,,,
,,,,,,,,,,,,,,,,,,,,,,,,,0,,,,
,,,,,,,,,,,,,,,,,,,,,,,,,0,,,,
,,,,,,,,,,,,,,,,,,,,,,,,,0,,,,
,,,,,,,,,,,,,,,,,,,,,,,,,0,,,,
,,,,,,,,,,,,,,,,,,,,,,,,,0,,,,
,,,,,,,,,,,,,,,,,,,,,,,,,0,,,,
,,,,,,,,,,,,,,,,,,,,,,,,,0,,,,
,,,,,,,,,,,,,,,,,,,,,,,,,0,,,,
,,,,,,,,,,,,,,,,,,,,,,,,,0,,,,
,,,,,,,,,,,,,,,,,,,,,,,,,0,,,,
,,,,,,,,,,,,,,,,,,,,,,,,,0,,,,
,,,,,,,,,,,,,,,,,,,,,,,,,0,,,,
,,,,,,,,,,,,,,,,,,,,,,,,,0,,,,
,,,,,,,,,,,,,,,,,,,,,,,,,0,,,,
,,,,,,,,,,,,,,,,,,,,,,,,,0,,,,
,,,,,,,,,,,,,,,,,,,,,,,,,0,,,,
,,,,,,,,,,,,,,,,,,,,,,,,,0,,,,
,,,,,,,,,,,,,,,,,,,,,,,,,0,,,,
,,,,,,,,,,,,,,,,,,,,,,,,,0,,,,
,,,,,,,,,,,,,,,,,,,,,,,,,0,,,,
,,,,,,,,,,,,,,,,,,,,,,,,,0,,,,
,,,,,,,,,,,,,,,,,,,,,,,,,0,,,,
,,,,,,,,,,,,,,,,,,,,,,,,,0,,,,
,,,,,,,,,,,,,,,,,,,,,,,,,0,,,,
,,,,,,,,,,,,,,,,,,,,,,,,,0,,,,
,,,,,,,,,,,,,,,,,,,,,,,,,0,,,,
,,,,,,,,,,,,,,,,,,,,,,,,,0,,,,
,,,,,,,,,,,,,,,,,,,,,,,,,0,,,,
,,,,,,,,,,,,,,,,,,,,,,,,,0,,,,
,,,,,,,,,,,,,,,,,,,,,,,,,0,,,,
,,,,,,,,,,,,,,,,,,,,,,,,,0,,,,
,,,,,,,,,,,,,,,,,,,,,,,,,0,,,,
,,,,,,,,,,,,,,,,,,,,,,,,,0,,,,
,,,,,,,,,,,,,,,,,,,,,,,,,0,,,,
,,,,,,,,,,,,,,,,,,,,,,,,,0,,,,
,,,,,,,,,,,,,,,,,,,,,,,,,0,,,,
,,,,,,,,,,,,,,,,,,,,,,,,,0,,,,
,,,,,,,,,,,,,,,,,,,,,,,,,0,,,,
,,,,,,,,,,,,,,,,,,,,,,,,,0,,,,
,,,,,,,,,,,,,,,,,,,,,,,,,0,,,,
,,,,,,,,,,,,,,,,,,,,,,,,,0,,,,
,,,,,,,,,,,,,,,,,,,,,,,,,0,,,,
,,,,,,,,,,,,,,,,,,,,,,,,,0,,,,
,,,,,,,,,,,,,,,,,,,,,,,,,0,,,,
,,,,,,,,,,,,,,,,,,,,,,,,,0,,,,
,,,,,,,,,,,,,,,,,,,,,,,,,0,,,,
,,,,,,,,,,,,,,,,,,,,,,,,,0,,,,
,,,,,,,,,,,,,,,,,,,,,,,,,0,,,,
,,,,,,,,,,,,,,,,,,,,,,,,,0,,,,
,,,,,,,,,,,,,,,,,,,,,,,,,0,,,,
,,,,,,,,,,,,,,,,,,,,,,,,,0,,,,
,,,,,,,,,,,,,,,,,,,,,,,,,0,,,,
,,,,,,,,,,,,,,,,,,,,,,,,,0,,,,
,,,,,,,,,,,,,,,,,,,,,,,,,0,,,,
,,,,,,,,,,,,,,,,,,,,,,,,,0,,,,
,,,,,,,,,,,,,,,,,,,,,,,,,0,,,,
,,,,,,,,,,,,,,,,,,,,,,,,,0,,,,
,,,,,,,,,,,,,,,,,,,,,,,,,0,,,,
,,,,,,,,,,,,,,,,,,,,,,,,,0,,,,
,,,,,,,,,,,,,,,,,,,,,,,,,0,,,,
,,,,,,,,,,,,,,,,,,,,,,,,,0,,,,
,,,,,,,,,,,,,,,,,,,,,,,,,0,,,,
,,,,,,,,,,,,,,,,,,,,,,,,,0,,,,
,,,,,,,,,,,,,,,,,,,,,,,,,0,,,,
,,,,,,,,,,,,,,,,,,,,,,,,,0,,,,
,,,,,,,,,,,,,,,,,,,,,,,,,0,,,,
,,,,,,,,,,,,,,,,,,,,,,,,,0,,,,
,,,,,,,,,,,,,,,,,,,,,,,,,0,,,,
,,,,,,,,,,,,,,,,,,,,,,,,,0,,,,
,,,,,,,,,,,,,,,,,,,,,,,,,0,,,,
,,,,,,,,,,,,,,,,,,,,,,,,,0,,,,
,,,,,,,,,,,,,,,,,,,,,,,,,0,,,,
,,,,,,,,,,,,,,,,,,,,,,,,,0,,,,
,,,,,,,,,,,,,,,,,,,,,,,,,0,,,,
,,,,,,,,,,,,,,,,,,,,,,,,,0,,,,
,,,,,,,,,,,,,,,,,,,,,,,,,0,,,,
,,,,,,,,,,,,,,,,,,,,,,,,,0,,,,
,,,,,,,,,,,,,,,,,,,,,,,,,0,,,,
,,,,,,,,,,,,,,,,,,,,,,,,,0,,,,
,,,,,,,,,,,,,,,,,,,,,,,,,0,,,,
,,,,,,,,,,,,,,,,,,,,,,,,,0,,,,
,,,,,,,,,,,,,,,,,,,,,,,,,0,,,,
,,,,,,,,,,,,,,,,,,,,,,,,,0,,,,
,,,,,,,,,,,,,,,,,,,,,,,,,0,,,,
,,,,,,,,,,,,,,,,,,,,,,,,,0,,,,
,,,,,,,,,,,,,,,,,,,,,,,,,0,,,,
,,,,,,,,,,,,,,,,,,,,,,,,,0,,,,
,,,,,,,,,,,,,,,,,,,,,,,,,0,,,,
,,,,,,,,,,,,,,,,,,,,,,,,,0,,,,
,,,,,,,,,,,,,,,,,,,,,,,,,0,,,,
,,,,,,,,,,,,,,,,,,,,,,,,,0,,,,
,,,,,,,,,,,,,,,,,,,,,,,,,0,,,,
,,,,,,,,,,,,,,,,,,,,,,,,,0,,,,
,,,,,,,,,,,,,,,,,,,,,,,,,0,,,,
,,,,,,,,,,,,,,,,,,,,,,,,,0,,,,
,,,,,,,,,,,,,,,,,,,,,,,,,0,,,,
,,,,,,,,,,,,,,,,,,,,,,,,,0,,,,
,,,,,,,,,,,,,,,,,,,,,,,,,0,,,,
,,,,,,,,,,,,,,,,,,,,,,,,,0,,,,
,,,,,,,,,,,,,,,,,,,,,,,,,0,,,,
,,,,,,,,,,,,,,,,,,,,,,,,,0,,,,
,,,,,,,,,,,,,,,,,,,,,,,,,0,,,,
,,,,,,,,,,,,,,,,,,,,,,,,,0,,,,
,,,,,,,,,,,,,,,,,,,,,,,,,0,,,,
,,,,,,,,,,,,,,,,,,,,,,,,,0,,,,
,,,,,,,,,,,,,,,,,,,,,,,,,0,,,,
,,,,,,,,,,,,,,,,,,,,,,,,,0,,,,
,,,,,,,,,,,,,,,,,,,,,,,,,0,,,,
,,,,,,,,,,,,,,,,,,,,,,,,,0,,,,
,,,,,,,,,,,,,,,,,,,,,,,,,0,,,,
,,,,,,,,,,,,,,,,,,,,,,,,,0,,,,
,,,,,,,,,,,,,,,,,,,,,,,,,0,,,,
,,,,,,,,,,,,,,,,,,,,,,,,,0,,,,
,,,,,,,,,,,,,,,,,,,,,,,,,0,,,,
,,,,,,,,,,,,,,,,,,,,,,,,,0,,,,
,,,,,,,,,,,,,,,,,,,,,,,,,0,,,,
,,,,,,,,,,,,,,,,,,,,,,,,,0,,,,
,,,,,,,,,,,,,,,,,,,,,,,,,0,,,,
,,,,,,,,,,,,,,,,,,,,,,,,,0,,,,
,,,,,,,,,,,,,,,,,,,,,,,,,0,,,,
,,,,,,,,,,,,,,,,,,,,,,,,,0,,,,
,,,,,,,,,,,,,,,,,,,,,,,,,0,,,,
,,,,,,,,,,,,,,,,,,,,,,,,,0,,,,
,,,,,,,,,,,,,,,,,,,,,,,,,0,,,,
,,,,,,,,,,,,,,,,,,,,,,,,,0,,,,
,,,,,,,,,,,,,,,,,,,,,,,,,0,,,,
,,,,,,,,,,,,,,,,,,,,,,,,,0,,,,
,,,,,,,,,,,,,,,,,,,,,,,,,0,,,,
,,,,,,,,,,,,,,,,,,,,,,,,,0,,,,
,,,,,,,,,,,,,,,,,,,,,,,,,0,,,,
,,,,,,,,,,,,,,,,,,,,,,,,,0,,,,
,,,,,,,,,,,,,,,,,,,,,,,,,0,,,,
,,,,,,,,,,,,,,,,,,,,,,,,,0,,,,
,,,,,,,,,,,,,,,,,,,,,,,,,0,,,,
,,,,,,,,,,,,,,,,,,,,,,,,,0,,,,
,,,,,,,,,,,,,,,,,,,,,,,,,0,,,,
,,,,,,,,,,,,,,,,,,,,,,,,,0,,,,
,,,,,,,,,,,,,,,,,,,,,,,,,0,,,,
,,,,,,,,,,,,,,,,,,,,,,,,,0,,,,
,,,,,,,,,,,,,,,,,,,,,,,,,0,,,,
,,,,,,,,,,,,,,,,,,,,,,,,,0,,,,
,,,,,,,,,,,,,,,,,,,,,,,,,0,,,,
,,,,,,,,,,,,,,,,,,,,,,,,,0,,,,
,,,,,,,,,,,,,,,,,,,,,,,,,0,,,,
,,,,,,,,,,,,,,,,,,,,,,,,,0,,,,
,,,,,,,,,,,,,,,,,,,,,,,,,0,,,,
,,,,,,,,,,,,,,,,,,,,,,,,,0,,,,
,,,,,,,,,,,,,,,,,,,,,,,,,0,,,,
,,,,,,,,,,,,,,,,,,,,,,,,,0,,,,
,,,,,,,,,,,,,,,,,,,,,,,,,0,,,,
,,,,,,,,,,,,,,,,,,,,,,,,,0,,,,
,,,,,,,,,,,,,,,,,,,,,,,,,0,,,,
,,,,,,,,,,,,,,,,,,,,,,,,,0,,,,
,,,,,,,,,,,,,,,,,,,,,,,,,0,,,,
,,,,,,,,,,,,,,,,,,,,,,,,,0,,,,
,,,,,,,,,,,,,,,,,,,,,,,,,0,,,,
,,,,,,,,,,,,,,,,,,,,,,,,,0,,,,
,,,,,,,,,,,,,,,,,,,,,,,,,0,,,,
,,,,,,,,,,,,,,,,,,,,,,,,,0,,,,
,,,,,,,,,,,,,,,,,,,,,,,,,0,,,,
,,,,,,,,,,,,,,,,,,,,,,,,,0,,,,
,,,,,,,,,,,,,,,,,,,,,,,,,0,,,,
,,,,,,,,,,,,,,,,,,,,,,,,,0,,,,
,,,,,,,,,,,,,,,,,,,,,,,,,0,,,,
,,,,,,,,,,,,,,,,,,,,,,,,,0,,,,
,,,,,,,,,,,,,,,,,,,,,,,,,0,,,,
,,,,,,,,,,,,,,,,,,,,,,,,,0,,,,
,,,,,,,,,,,,,,,,,,,,,,,,,0,,,,
,,,,,,,,,,,,,,,,,,,,,,,,,0,,,,
,,,,,,,,,,,,,,,,,,,,,,,,,0,,,,
,,,,,,,,,,,,,,,,,,,,,,,,,0,,,,
,,,,,,,,,,,,,,,,,,,,,,,,,0,,,,
,,,,,,,,,,,,,,,,,,,,,,,,,0,,,,
,,,,,,,,,,,,,,,,,,,,,,,,,0,,,,
,,,,,,,,,,,,,,,,,,,,,,,,,0,,,,
,,,,,,,,,,,,,,,,,,,,,,,,,0,,,,
,,,,,,,,,,,,,,,,,,,,,,,,,0,,,,
,,,,,,,,,,,,,,,,,,,,,,,,,0,,,,
,,,,,,,,,,,,,,,,,,,,,,,,,0,,,,
,,,,,,,,,,,,,,,,,,,,,,,,,0,,,,
,,,,,,,,,,,,,,,,,,,,,,,,,0,,,,
,,,,,,,,,,,,,,,,,,,,,,,,,0,,,,
,,,,,,,,,,,,,,,,,,,,,,,,,0,,,,
,,,,,,,,,,,,,,,,,,,,,,,,,0,,,,
,,,,,,,,,,,,,,,,,,,,,,,,,0,,,,
,,,,,,,,,,,,,,,,,,,,,,,,,0,,,,
,,,,,,,,,,,,,,,,,,,,,,,,,0,,,,
,,,,,,,,,,,,,,,,,,,,,,,,,0,,,,
,,,,,,,,,,,,,,,,,,,,,,,,,0,,,,
,,,,,,,,,,,,,,,,,,,,,,,,,0,,,,
,,,,,,,,,,,,,,,,,,,,,,,,,0,,,,
,,,,,,,,,,,,,,,,,,,,,,,,,0,,,,
,,,,,,,,,,,,,,,,,,,,,,,,,0,,,,
,,,,,,,,,,,,,,,,,,,,,,,,,0,,,,
,,,,,,,,,,,,,,,,,,,,,,,,,0,,,,
,,,,,,,,,,,,,,,,,,,,,,,,,0,,,,
,,,,,,,,,,,,,,,,,,,,,,,,,0,,,,
,,,,,,,,,,,,,,,,,,,,,,,,,0,,,,
,,,,,,,,,,,,,,,,,,,,,,,,,0,,,,
,,,,,,,,,,,,,,,,,,,,,,,,,0,,,,
,,,,,,,,,,,,,,,,,,,,,,,,,0,,,,
,,,,,,,,,,,,,,,,,,,,,,,,,0,,,,
,,,,,,,,,,,,,,,,,,,,,,,,,0,,,,
,,,,,,,,,,,,,,,,,,,,,,,,,0,,,,
,,,,,,,,,,,,,,,,,,,,,,,,,0,,,,
,,,,,,,,,,,,,,,,,,,,,,,,,0,,,,
,,,,,,,,,,,,,,,,,,,,,,,,,0,,,,
,,,,,,,,,,,,,,,,,,,,,,,,,0,,,,
,,,,,,,,,,,,,,,,,,,,,,,,,0,,,,
,,,,,,,,,,,,,,,,,,,,,,,,,0,,,,
,,,,,,,,,,,,,,,,,,,,,,,,,0,,,,
,,,,,,,,,,,,,,,,,,,,,,,,,0,,,,
,,,,,,,,,,,,,,,,,,,,,,,,,0,,,,
,,,,,,,,,,,,,,,,,,,,,,,,,0,,,,
,,,,,,,,,,,,,,,,,,,,,,,,,0,,,,
,,,,,,,,,,,,,,,,,,,,,,,,,0,,,,
,,,,,,,,,,,,,,,,,,,,,,,,,0,,,,
,,,,,,,,,,,,,,,,,,,,,,,,,0,,,,
,,,,,,,,,,,,,,,,,,,,,,,,,0,,,,
,,,,,,,,,,,,,,,,,,,,,,,,,0,,,,
,,,,,,,,,,,,,,,,,,,,,,,,,0,,,,
,,,,,,,,,,,,,,,,,,,,,,,,,0,,,,
,,,,,,,,,,,,,,,,,,,,,,,,,0,,,,
,,,,,,,,,,,,,,,,,,,,,,,,,0,,,,
,,,,,,,,,,,,,,,,,,,,,,,,,0,,,,
,,,,,,,,,,,,,,,,,,,,,,,,,0,,,,
,,,,,,,,,,,,,,,,,,,,,,,,,0,,,,
,,,,,,,,,,,,,,,,,,,,,,,,,0,,,,
,,,,,,,,,,,,,,,,,,,,,,,,,0,,,,
,,,,,,,,,,,,,,,,,,,,,,,,,0,,,,
,,,,,,,,,,,,,,,,,,,,,,,,,0,,,,
,,,,,,,,,,,,,,,,,,,,,,,,,0,,,,
,,,,,,,,,,,,,,,,,,,,,,,,,0,,,,
,,,,,,,,,,,,,,,,,,,,,,,,,0,,,,
,,,,,,,,,,,,,,,,,,,,,,,,,0,,,,
,,,,,,,,,,,,,,,,,,,,,,,,,0,,,,
,,,,,,,,,,,,,,,,,,,,,,,,,0,,,,
,,,,,,,,,,,,,,,,,,,,,,,,,0,,,,
,,,,,,,,,,,,,,,,,,,,,,,,,0,,,,
,,,,,,,,,,,,,,,,,,,,,,,,,0,,,,
,,,,,,,,,,,,,,,,,,,,,,,,,0,,,,
,,,,,,,,,,,,,,,,,,,,,,,,,0,,,,
,,,,,,,,,,,,,,,,,,,,,,,,,0,,,,
,,,,,,,,,,,,,,,,,,,,,,,,,0,,,,
,,,,,,,,,,,,,,,,,,,,,,,,,0,,,,
,,,,,,,,,,,,,,,,,,,,,,,,,0,,,,
,,,,,,,,,,,,,,,,,,,,,,,,,0,,,,
,,,,,,,,,,,,,,,,,,,,,,,,,0,,,,
,,,,,,,,,,,,,,,,,,,,,,,,,0,,,,
,,,,,,,,,,,,,,,,,,,,,,,,,0,,,,
,,,,,,,,,,,,,,,,,,,,,,,,,0,,,,
,,,,,,,,,,,,,,,,,,,,,,,,,0,,,,
,,,,,,,,,,,,,,,,,,,,,,,,,0,,,,
,,,,,,,,,,,,,,,,,,,,,,,,,0,,,,